timestamp,value
5 SEP,0
6 SEP,0
7 SEP,0
8 SEP,0
9 SEP,0
10 SEP,0
11 SEP,0
12 SEP,0
13 SEP,0
14 SEP,0
15 SEP,0
16 SEP,0
17 SEP,0
18 SEP,90.36784014122561
19 SEP,96.42366117901713
20 SEP,88.34903341790896
21 SEP,85.4878083445227
22 SEP,96.69514261002494
23 SEP,88.74223301891749
24 SEP,87.02869214915452
25 SEP,88.73429529316206
26 SEP,92.41876679579882
27 SEP,85.64677268710867
28 SEP,78.46937196631255
29 SEP,81.90165665711491
30 SEP,84.63932819534841
1 OCT,82.313576093099
2 OCT,91.37687982521786
3 OCT,84.26720016596386
4 OCT,87.16972152682327